{"cameraMode":{"drawMode":0,"name":"Shaded","section":"Shading Mode"},"sceneLighting":true,"audioPlay":false,"sceneViewState":{"showFog":true,"showMaterialUpdate":true,"showSkybox":true,"showFlares":true,"showImageEffects":true,"showParticleSystems":true},"in2DMode":false,"pivot":{"x":-3.8080801963806154,"y":26.46273422241211,"z":-22.922401428222658},"rotation":{"x":-0.2377033680677414,"y":-0.2557024359703064,"z":-0.06501981616020203,"w":0.9348211288452148},"size":22.0,"orthographic":false}