{"cameraMode":{"drawMode":0,"name":"Shaded","section":"Shading Mode"},"sceneLighting":false,"audioPlay":false,"sceneViewState":{"showFog":true,"showMaterialUpdate":true,"showSkybox":false,"showFlares":true,"showImageEffects":true,"showParticleSystems":true},"in2DMode":false,"pivot":{"x":0.8079999685287476,"y":5.277674674987793,"z":0.0},"rotation":{"x":-0.07669758051633835,"y":0.09171083569526673,"z":-0.0070806085132062439,"w":-0.9928104281425476},"size":7.316393852233887,"orthographic":false}