{"cameraMode":{"drawMode":0,"name":"Shaded","section":"Shading Mode"},"sceneLighting":false,"audioPlay":false,"sceneViewState":{"showFog":true,"showMaterialUpdate":false,"showSkybox":false,"showFlares":true,"showImageEffects":true,"showParticleSystems":true},"in2DMode":false,"pivot":{"x":1.7408709526062012,"y":3.5065085887908937,"z":3.005095958709717},"rotation":{"x":-0.1824362874031067,"y":-0.037731509655714038,"z":0.007011083886027336,"w":-0.982473611831665},"size":7.316394329071045,"orthographic":false}