{"cameraMode":{"drawMode":0,"name":"Shaded","section":"Shading Mode"},"sceneLighting":false,"audioPlay":false,"sceneViewState":{"showFog":true,"showMaterialUpdate":false,"showSkybox":false,"showFlares":true,"showImageEffects":true,"showParticleSystems":true},"in2DMode":false,"pivot":{"x":24.200000762939454,"y":14.600000381469727,"z":-0.19999992847442628},"rotation":{"x":0.0749276876449585,"y":-0.0074787745252251629,"z":0.0005620962474495173,"w":0.9971625208854675},"size":21.513790130615236,"orthographic":false}