{"cameraMode":{"drawMode":0,"name":"Shaded","section":"Shading Mode"},"sceneLighting":true,"audioPlay":false,"sceneViewState":{"showFog":true,"showMaterialUpdate":false,"showSkybox":true,"showFlares":true,"showImageEffects":true,"showParticleSystems":true},"in2DMode":false,"pivot":{"x":3.461412191390991,"y":10.01337718963623,"z":34.61539840698242},"rotation":{"x":0.0749276876449585,"y":-0.0074787745252251629,"z":0.0005620962474495173,"w":0.9971625208854675},"size":75.66531372070313,"orthographic":false}